Financial & Banking Infrastructure ,bz-bank.com
,kontbank.com
,sctbankers.com
,royalbankdevelopmentcapital.com
,iban2iban.net
Payments and Exchange Infrastructure ,zed-pay.com
,mail-zedxion.com
,mail-zedcex.com
Commodities and Trade Domains,international-safeoil.com
,iraq-safeoil.com
,bz-diamond.com
,bzdiamond.ae
,bz-metal.com
,metal-istanbul.com
"Hospitality, Automotive, and Lifestyle Fronts ",sorinethotels.asia
,sorinethotels.co
,sorinethotels.us
,bz-motor.com
Personal Branding and Narrative Control ,babakzanjani.com
,multiversewarrior.com